<?xml version="1.0" encoding="UTF-8"?>
<project-private xmlns="http://www.netbeans.org/ns/project-private/1">
    <editor-bookmarks xmlns="http://www.netbeans.org/ns/editor-bookmarks/2" lastBookmarkId="0"/>
    <open-files xmlns="http://www.netbeans.org/ns/projectui-open-files/2">
        <group>
            <file>file:/C:/Users/Deepak%20Chandwani/OneDrive/Documents/NetBeansProjects/Algo%20Project/AmazonDeliveryTruck/src/Main/Route/Route.java</file>
            <file>file:/C:/Users/Deepak%20Chandwani/OneDrive/Documents/NetBeansProjects/Algo%20Project/AmazonDeliveryTruck/src/Main/GeneticAlgorithm/GeneticAlgorithm.java</file>
            <file>file:/C:/Users/Deepak%20Chandwani/OneDrive/Documents/NetBeansProjects/Algo%20Project/AmazonDeliveryTruck/src/Main/Main.java</file>
            <file>file:/C:/Users/Deepak%20Chandwani/OneDrive/Documents/NetBeansProjects/Algo%20Project/AmazonDeliveryTruck/src/Main/Population/Population.java</file>
            <file>file:/C:/Users/Deepak%20Chandwani/OneDrive/Documents/NetBeansProjects/Algo%20Project/AmazonDeliveryTruck/src/Main/City/City.java</file>
        </group>
    </open-files>
</project-private>
